First Name,Last Name,Trial Passed,Join Date,Leave Date,Gender,Salary
Wini,Woodrooffe,No,06.03.2016,15.08.2016,F,136129
Dierdre,Sturton,No,05.04.2020,20.08.2020,F,937232
Goraud,Lovitt,Yes,05.06.2019,,M,964779
Veradis,Swinyard,Yes,08.07.2015,22.05.2017,F,733911
Simmonds,Tawton,Yes,27.05.2020,,M,358852
Vanya,Redford,Yes,13.03.2020,06.06.2020,M,690208
Whitney,Rispine,Yes,22.07.2018,,M,269312
Vanya,Cleveley,No,25.08.2017,,F,157863
Blondie,Faughnan,Yes,14.01.2020,,F,370465
Danyette,D'Elias,Yes,06.11.2016,03.06.2017,F,479282
Kassia,Newband,Yes,12.03.2019,07.02.2020,F,882737
Elfrieda,McCafferky,Yes,21.06.2015,,F,806111
Valencia,Antliff,Yes,06.12.2019,03.02.2020,F,337756
Hermy,Climo,Yes,25.01.2015,,M,528226
Huey,de Glanville,No,05.11.2016,,M,777119
Clemens,Edgeller,Yes,29.05.2020,29.06.2020,M,658493
Silvano,Sissland,No,25.06.2016,,M,744851
Daria,Wressell,Yes,09.04.2015,,F,500057
Charley,Flitcroft,No,29.03.2020,18.07.2020,M,779004
Delphine,Ranscomb,No,08.06.2017,,F,511103
Madalyn,Smallthwaite,Yes,08.11.2015,,F,551064
Cammi,Dunthorn,No,07.03.2018,,F,172687
Clarita,Franz-Schoninger,No,13.07.2020,,F,460580
Kiri,Balden,Yes,11.12.2016,,F,803325
Peirce,Digweed,Yes,04.04.2016,14.11.2018,M,747914
Sheree,Webben,Yes,02.01.2020,,F,867550
Renard,Roskilly,No,24.04.2017,21.12.2018,M,106342
Ceil,Gounod,No,02.01.2017,,F,289033
Ester,Suermeier,Yes,02.01.2015,,F,603015
Tedra,Byles,Yes,21.11.2018,,F,882998
Corri,Burn,No,17.10.2019,,F,856843
Lawry,Drew-Clifton,No,04.04.2019,11.05.2019,M,770267
Genevra,Raylton,Yes,23.08.2016,22.09.2016,F,994087
Jammal,Casarini,Yes,11.01.2019,,M,724219
Silvia,Marrian,Yes,21.03.2015,,F,544705
Sonni,Patriskson,No,30.05.2020,18.09.2020,F,514778
Rahal,Longhi,No,27.07.2016,07.06.2020,F,359427
Ryun,Kondratenya,No,27.08.2015,,M,742297
Dorey,Benoey,No,17.11.2015,01.06.2018,F,910983
Adlai,Singyard,No,04.04.2020,,M,769502
Terrijo,Kuhnel,No,28.11.2018,01.09.2019,F,943875
Colette,Adriano,Yes,19.06.2015,31.05.2016,F,172785
Chicky,Temperley,No,22.11.2015,21.06.2018,M,608557
Thebault,Sloley,No,20.06.2020,01.08.2020,M,716721
Corenda,Bresland,Yes,28.12.2015,17.10.2019,F,902828
Ber,Covotto,No,03.01.2016,,M,807756
Isador,Lawtie,Yes,11.11.2017,,M,485226
Addi,Gettens,Yes,12.07.2016,03.07.2019,F,409553
Sylas,Reubens,No,23.07.2018,,M,596620
Marcelle,Woolard,No,07.12.2017,,F,394755
Prince,Twizell,No,11.01.2017,20.05.2017,M,239472
Aloysius,Hasson,No,03.03.2018,,M,168599
Wally,Molnar,Yes,24.07.2020,,M,571720
Jeni,Lovelady,No,13.09.2016,,F,229181
Nola,Stickney,No,11.07.2018,20.09.2018,F,288498
Ernestus,Leabeater,Yes,01.06.2020,15.09.2020,M,314334
Nerita,Hoyle,Yes,06.08.2016,,F,221335
Yurik,Beastall,Yes,18.10.2016,10.09.2019,M,758348
Angie,Collington,Yes,06.11.2019,10.12.2019,F,926791
Hildy,Georgel,No,14.04.2017,,F,841178
Barbe,Dalziell,Yes,08.02.2018,,F,568811
Modestia,Smittoune,Yes,13.10.2017,,F,262495
Jenica,Colbert,Yes,17.08.2018,,F,375396
Freddy,Marshland,No,10.11.2015,,M,446609
Imogen,O'Rourke,Yes,09.02.2015,,F,244673
Shara,Polglase,No,26.04.2016,,F,152987
Welbie,Jellard,Yes,30.12.2019,,M,848712
Meg,Muat,No,28.07.2018,16.01.2019,F,639755
Felice,Cortez,Yes,17.05.2019,,M,551947
Franz,Szymanski,Yes,13.05.2016,,M,280644
Agathe,Marquis,No,16.04.2018,,F,540270
Cleavland,Boulder,Yes,21.01.2016,,M,179306
Ebenezer,ducarme,Yes,19.09.2019,,M,287316
Anny,Kuhlen,Yes,17.03.2018,06.09.2020,F,257519
Elnora,Close,No,16.10.2019,16.08.2020,F,963034
Boniface,Strethill,Yes,09.02.2019,,M,151406
Tymon,Petit,Yes,10.02.2015,18.11.2018,M,830506
Boote,Ziehms,Yes,16.02.2019,,M,364726
Florella,Di Biasio,No,12.04.2019,23.07.2019,F,913264
Averil,Georgel,Yes,10.03.2015,27.03.2016,M,840212
Cyb,Inder,No,11.04.2017,,F,856133
Tomas,Varvell,No,21.09.2018,,M,497450
Aundrea,Davley,Yes,13.09.2016,,F,521090
Laurene,Docherty,No,27.12.2014,,F,678238
Tailor,Dencs,Yes,25.04.2018,,M,266367
Ira,Du Barry,No,29.04.2019,,F,587641
Marty,Poulton,No,20.07.2019,,M,858618
Anselma,Challiss,Yes,23.11.2019,28.05.2020,F,638704
Joye,Gotling,No,28.08.2015,02.07.2017,F,676519
Neale,Maciaszczyk,No,10.12.2019,13.04.2020,M,598399
Zolly,Dreher,Yes,14.02.2016,,M,252185
Evania,Vernazza,Yes,10.07.2020,,F,362920
Pancho,Pardue,No,11.07.2017,29.01.2019,M,515103
Cynthie,Spinola,No,08.12.2017,11.04.2019,F,151129
Mohammed,Tabourier,No,27.10.2017,,M,600941
Lew,Wanka,Yes,05.06.2020,,M,484390
Arlette,Leyton,No,29.03.2017,19.11.2018,F,958602
Aymer,Waything,Yes,04.12.2014,30.12.2019,M,893478
Hubey,Melesk,Yes,27.04.2018,,M,777035
Brennan,Galilee,Yes,30.09.2015,,M,733027
Marthe,Deftie,Yes,13.05.2015,02.12.2016,F,844739
Dore,Beumant,Yes,25.03.2015,,M,129767
Sebastiano,Tansey,No,03.10.2016,,M,411826
Hilario,Lambourne,Yes,22.04.2015,03.02.2018,M,256088
Moe,McAvey,Yes,29.05.2019,,M,347843
Brietta,Petrushkevich,No,24.07.2019,,F,678927
Jeffry,McQuaide,Yes,30.08.2015,,M,197980
Jacqueline,Johnigan,No,11.08.2015,,F,967054
Nigel,Currin,Yes,22.02.2018,17.01.2019,M,421129
Thedric,Shatliffe,No,24.12.2018,25.03.2019,M,744386
Christian,Honatsch,No,02.03.2018,07.06.2020,M,958606
Leslie,Lyes,Yes,26.12.2015,15.06.2019,M,839300
Nathanil,Broster,Yes,08.03.2019,,M,579753
John,Petrello,Yes,04.08.2019,23.07.2020,M,997885
Aubine,Kirke,Yes,22.03.2016,,F,983828
Dorry,McCoole,Yes,03.03.2016,,F,742340
Adrian,Bibby,No,25.11.2017,06.07.2020,M,198306
Bart,MacKaile,No,22.02.2020,21.07.2020,M,478576
Gregory,Overill,No,07.05.2017,20.06.2017,M,564169
Tarra,Ryott,No,10.07.2018,,F,346067
Budd,Kyle,Yes,19.02.2017,,M,734831
Erena,Newbigging,Yes,16.01.2020,,F,831852
Ogdon,Rennebach,No,06.04.2019,25.11.2019,M,398638
Arv,McJerrow,Yes,22.12.2018,,M,267684
Caralie,Elie,Yes,26.10.2015,,F,697589
Gisele,Konerding,Yes,25.07.2017,,F,152622
Marissa,de Najera,Yes,04.08.2017,,F,161237
Mar,Brettelle,No,21.04.2019,,M,689232
Lindy,Barensen,No,27.07.2018,,F,801567
Dorris,Kenderdine,Yes,14.09.2019,02.02.2020,F,448589
Britni,Rosewell,Yes,28.10.2019,,F,402609
Ninon,Wimbury,Yes,17.08.2015,12.07.2016,F,350538
Juliann,Lawlan,Yes,15.11.2018,,F,483457
Nevil,Eddisford,No,28.04.2019,,M,134282
Linell,Spaduzza,No,22.07.2015,,F,195290
Shanna,Everill,No,04.01.2018,,F,731579
Johny,Dudgeon,No,21.03.2016,,M,155381
Twyla,Thurlby,No,24.07.2015,16.06.2016,F,375374
Nonna,Tarren,No,02.09.2018,25.11.2018,F,891791
Silvie,Dowthwaite,Yes,18.01.2019,,F,649034
Izaak,Pesik,Yes,11.10.2017,09.08.2020,M,403575
Freeman,McCalister,Yes,21.01.2017,01.11.2017,M,809731
Munmro,Marvelley,No,15.04.2017,,M,774414
Lennie,Dibnah,Yes,26.10.2015,,M,724336
Lothario,Cestard,No,28.11.2014,,M,287299
Berti,Baselli,Yes,02.10.2017,10.05.2018,M,479605
Rowan,Burbidge,Yes,16.07.2019,21.02.2020,M,104533
Shandy,Bauman,Yes,13.03.2019,,F,770503
Basil,Worts,Yes,13.07.2015,,M,621449
Ariel,Jobin,No,29.08.2018,12.07.2019,M,604701
Hillier,Tolefree,Yes,25.10.2017,06.09.2020,M,870482
Fulvia,Simonaitis,Yes,22.07.2017,,F,720328
Pembroke,Nern,No,09.06.2020,31.08.2020,M,732449
Wyndham,Allender,No,26.04.2015,29.06.2020,M,361226
Corie,Attwoul,No,04.06.2017,,F,719603
Ed,Cabrera,Yes,01.07.2018,,M,806925
Tully,Cartin,No,31.08.2019,30.12.2019,M,855324
Domenic,Lagde,Yes,08.11.2019,,M,737699
Pebrook,Giacobillo,No,16.06.2016,,M,966683
Wilhelmine,Wyant,Yes,26.12.2018,01.08.2020,F,611778
Jasun,Schiersch,Yes,15.07.2015,06.03.2017,M,914688
Teressa,Fer,Yes,05.10.2016,,F,949310
Farris,Smalman,Yes,02.08.2015,,M,607090
Catharina,Soot,No,12.01.2015,27.11.2015,F,577232
Morgan,Cowton,Yes,17.07.2017,04.08.2020,F,772370
Evonne,Archanbault,No,08.10.2019,,F,562592
Berenice,Scartifield,Yes,19.07.2016,11.06.2018,F,792883
Briant,Casey,No,21.09.2018,18.12.2019,M,797754
Ive,Cometto,Yes,19.05.2017,,M,452250
Phil,Di Giacomo,Yes,05.12.2014,02.08.2018,F,923245
Thatch,Vanyutin,Yes,12.06.2018,,M,756237
Daphne,Fowgies,Yes,11.05.2017,,F,542808
Ingrid,Peyntue,No,06.10.2016,22.02.2020,F,762870
Anabal,Hall-Gough,No,30.09.2016,07.04.2018,F,694481
Dena,Tassell,Yes,27.12.2017,28.11.2019,F,600714
Bartram,Dowyer,No,30.12.2015,,M,739232
Lorne,Summersett,Yes,07.08.2017,,F,919290
Hedvig,Rodder,Yes,18.01.2015,,F,224368
Rafaelia,Renfrew,Yes,15.11.2018,,F,373910
Bernetta,Rhoddie,Yes,30.05.2015,,F,585683
Edita,Farres,Yes,16.08.2019,,F,676847
Delano,Mycock,Yes,19.08.2016,,M,149651
Olympe,Bittleson,No,23.12.2019,,F,734902
Mamie,Deveraux,No,16.08.2019,,F,307403
Cynthie,Nordass,No,09.06.2020,,F,910360
Lonna,Brattan,Yes,10.01.2018,,F,837352
Clo,Bogace,Yes,12.07.2017,,F,955636
Portia,Capstake,Yes,28.10.2018,18.12.2018,F,117518
Durant,Malter,No,02.03.2015,,M,814792
Brina,Atyeo,Yes,08.10.2019,,F,717597
Deb,Thebeau,Yes,26.04.2017,,F,471353
Wilton,I'anson,Yes,08.10.2015,06.03.2018,M,658722
Mahmoud,Wimpeney,Yes,01.05.2015,30.05.2020,M,746097
Lily,Jagels,Yes,20.06.2020,,F,812990
Adolph,Sidnall,Yes,09.07.2016,10.07.2019,M,591187
Keene,Tumioto,No,14.06.2015,01.03.2016,M,146242
Georgine,Tyers,No,08.05.2016,15.05.2020,F,422834
Brear,Julyan,No,13.06.2020,16.07.2020,F,849493
Keri,Clynmans,No,12.06.2015,,F,401590
Nichole,Reidie,No,31.07.2019,,F,449737
Stanleigh,Berens,Yes,06.07.2018,02.02.2019,M,158773
Katharine,Calladine,No,30.03.2015,19.09.2015,F,439807
Dwain,McKall,Yes,11.07.2017,,M,219235
Alexio,Finney,Yes,09.05.2019,06.05.2020,M,564017
Tarra,Vize,No,17.01.2015,12.01.2019,F,225201
Annice,Strover,Yes,15.07.2019,28.01.2020,F,944390
Thomasa,Keddy,Yes,24.03.2015,,F,570985
Griffie,Zmitrovich,Yes,30.11.2017,,M,116493
Ardelle,Richmond,No,20.12.2014,,F,833618
Euell,Jeffreys,Yes,10.06.2015,,M,442487
Brittan,Motten,Yes,03.04.2019,29.05.2019,F,799567
Nickolas,Lorenzini,No,09.10.2018,,M,701367
Olva,Dearle,Yes,08.12.2019,18.09.2020,F,390385
Cosetta,Millbank,Yes,11.09.2017,12.05.2018,F,519300
Raddy,Amar,Yes,26.04.2019,,M,696517
Cthrine,Labet,No,13.04.2019,15.07.2019,F,209668
Merline,Schrieves,Yes,25.11.2019,26.05.2020,F,847972
Natalya,Blundon,Yes,15.04.2015,,F,858170
Patrice,Gheeorghie,No,21.02.2020,,F,873915
Hersch,Olivazzi,No,10.12.2015,,M,131088
Beckie,Tomaskov,No,03.10.2017,,F,411057
Lacey,Langmaid,Yes,29.10.2019,,F,920458
Godfree,Edgett,No,15.10.2017,01.06.2019,M,487916
Gilberte,Eubank,No,14.12.2015,,F,585787
Ranna,Pearle,Yes,07.02.2018,,F,916036
Ferris,Orth,No,02.09.2018,,M,745716
Isahella,Epperson,No,27.01.2018,,F,156227
Blanche,Swallwell,No,21.11.2019,,F,392371
Ross,Yarrington,Yes,08.07.2019,07.04.2020,M,282363
Cordelia,Clyburn,Yes,25.05.2015,12.08.2016,F,900379
Shoshanna,Myrick,No,11.11.2018,,F,821499
Adel,Coupman,Yes,19.04.2020,18.07.2020,F,823863
Caresse,Meiklem,No,19.11.2016,,F,684754
Deana,Lynde,Yes,05.07.2020,,F,437325
Steffane,Danford,Yes,12.01.2016,,F,213420
Agnola,Spileman,Yes,28.01.2020,,F,313025
Fabe,Conti,No,17.04.2017,,M,409764
Mycah,Porrett,Yes,15.08.2019,,M,165577
Anselm,Miko,Yes,19.02.2016,14.09.2016,M,719764
Hugh,Polland,No,21.03.2019,,M,409209
Sibilla,Canto,Yes,16.02.2018,,F,461617
Brocky,Ballance,No,09.08.2016,,M,539549
Mikol,Bicker,Yes,02.08.2019,,M,765183
Oberon,Gravenor,Yes,16.09.2015,26.05.2019,M,533607
Emelda,Hattoe,Yes,01.04.2015,,F,172727
Sinclair,Jakobssen,No,25.01.2019,,M,860965
Paulo,Carnduff,Yes,05.10.2019,,M,487111
Sunshine,Firidolfi,No,16.12.2017,,F,469891
Lutero,Ferrieroi,No,02.12.2014,,M,988708
Wheeler,Beekmann,Yes,12.04.2019,,M,240823
Sergent,McEwan,Yes,04.07.2016,,M,742065
Sanford,Torald,Yes,07.01.2018,,M,806756
Phedra,Lethebridge,Yes,20.04.2016,14.09.2019,F,116639
Burr,Landsborough,Yes,08.05.2017,30.05.2020,M,383033
Carlota,Bartelli,No,20.01.2017,06.10.2017,F,872627
Jessamine,De Santos,No,10.09.2017,23.02.2018,F,596408
Melisandra,Slite,Yes,26.10.2017,,F,442951
Betty,Ferre,Yes,08.06.2017,,F,417031
Izzy,Hollyman,Yes,29.08.2018,,M,978629
Jay,Aisbett,Yes,14.08.2016,,M,467797
Wakefield,Kinsett,Yes,20.02.2016,17.04.2018,M,832815
Gerianna,Braunlein,No,14.02.2015,,F,646247
Alla,Antunez,No,07.03.2018,,F,697899
Marieann,Bisset,No,18.06.2020,27.07.2020,F,680150
Yuri,Rosenkranc,Yes,11.08.2016,23.09.2020,M,543997
Asher,Jotcham,Yes,25.01.2018,07.04.2018,M,829401
Rennie,Astill,Yes,04.11.2017,,F,244996
Jennifer,Brooks,No,16.11.2014,26.07.2017,F,680512
Kim,Dawkins,Yes,11.12.2014,14.09.2017,M,456647
Yvor,Joiris,No,30.01.2017,31.07.2019,M,834344
Che,Donkersley,Yes,09.05.2018,,M,629464
Ronnie,Hainge,No,23.03.2019,24.06.2020,M,940886
Otho,Scholling,No,28.09.2015,,M,556966
Kory,Monday,Yes,16.01.2020,30.07.2020,M,982232
Channa,Rackstraw,Yes,29.05.2020,,F,994797
Erastus,Garrow,No,07.03.2015,10.05.2015,M,118063
Monti,Yarwood,No,18.01.2019,10.08.2019,M,863418
Trace,Caghan,Yes,04.07.2020,,M,798295
Alastair,Beadle,Yes,18.08.2017,,M,450114
Winonah,Rutgers,No,22.07.2018,22.03.2019,F,479227
De witt,Boater,No,27.04.2019,,M,238843
Chas,Nother,Yes,07.12.2017,,M,919967
Rubetta,Horche,No,13.01.2019,24.09.2019,F,355646
Justino,Motto,Yes,21.02.2017,,M,236282
Sidoney,Moxom,Yes,22.10.2016,,F,131693
Georgine,Skey,Yes,21.07.2015,,F,310013
Mayor,Wardington,Yes,28.11.2019,,M,528068
Randi,Rutter,No,27.08.2019,,F,186612
Biddy,Halshaw,No,03.07.2020,04.08.2020,F,156560
Nickolai,Wormald,No,21.12.2017,,M,879293
Gino,Kynge,No,20.08.2015,21.04.2020,M,956013
Zeb,Bernlin,Yes,22.01.2018,,M,465574
Thibaud,Flohard,No,02.04.2016,,M,748129
Colet,Geertsen,No,22.10.2019,,M,299082
Inga,Justham,No,06.04.2016,,F,113880
Madelaine,Capun,No,25.02.2019,,F,967070
Sayre,Hawkshaw,No,24.08.2019,30.08.2020,F,101820
Tabb,Arblaster,Yes,02.07.2018,31.12.2019,M,364012
Bevon,Flancinbaum,No,21.08.2018,,M,687660
Anna-maria,Basant,Yes,02.05.2017,18.07.2020,F,857266
Hunfredo,Toope,No,18.05.2016,,M,341785
Brigg,Dumbelton,Yes,28.12.2015,18.05.2018,M,874484
Anallese,Rumbold,No,12.02.2019,01.10.2019,F,354103
Emmett,Worham,Yes,24.01.2019,,M,755192
Janaya,Barbrook,No,25.01.2016,,F,198245
Halley,Robison,No,08.08.2015,,F,280119
Nikolai,Banyard,No,11.09.2018,24.11.2019,M,689018
Maighdiln,Culkin,Yes,28.01.2017,,F,450420
Lay,Maplesden,No,09.01.2019,30.11.2019,M,533171
Prudy,Heinke,No,07.01.2017,,F,825955
Halley,Stienham,No,10.12.2015,,F,326868
Bertrando,Jehan,Yes,06.06.2019,15.07.2020,M,909978
Ravid,Salle,Yes,08.05.2016,17.10.2018,M,194160
Hersh,Cheek,No,03.05.2017,,M,338218
Clevie,McDade,Yes,07.10.2015,,M,679827
Jules,Andriesse,No,09.10.2016,20.04.2018,M,298875
Mitchell,Cotterell,No,13.05.2016,,M,979230
Sherrie,Rowlett,No,21.03.2017,,F,385530
Neilla,Meaden,No,09.01.2015,30.08.2017,F,987101
Yovonnda,Lawrenceson,Yes,12.08.2018,30.06.2020,F,175462
Ted,Cowin,Yes,24.01.2016,,M,809333
Daria,Louden,Yes,20.12.2017,10.04.2019,F,166878
Sky,Naulty,No,10.11.2015,,M,611943
Annabell,Setford,Yes,09.04.2017,,F,399647
Antoine,Gummoe,Yes,13.01.2018,04.10.2019,M,606740
Melina,Shakespear,Yes,12.06.2020,,F,948890
Ardella,Muckley,No,25.12.2014,10.08.2020,F,665254
Hamel,L' Anglois,Yes,05.05.2019,18.08.2019,M,459338
Jobi,Havick,No,26.06.2016,,F,362727
Antons,Barette,Yes,30.07.2017,20.01.2018,M,825621
Dulcie,O'Regan,Yes,16.07.2018,30.04.2020,F,535891
Tammy,Lefever,Yes,29.11.2019,,F,737519
Muffin,O'Duane,Yes,10.03.2016,,M,187527
Adamo,Branchett,Yes,22.06.2019,17.01.2020,M,799032
Carly,Nacey,Yes,25.02.2020,,M,765025
Ronni,Ruslen,Yes,27.07.2018,07.01.2019,F,152710
Lorilyn,Vayne,No,06.02.2019,16.04.2019,F,158400
Gardy,Jahnig,No,26.12.2019,27.05.2020,M,255025
Merry,Webb-Bowen,No,19.09.2015,,M,943970
Augusta,Bernardelli,No,22.11.2017,29.11.2018,F,992342
Ernestine,Browning,Yes,13.04.2017,,F,174596
Olag,Kaaskooper,No,13.11.2016,,M,362937
Alasdair,Hiscocks,Yes,09.06.2016,25.09.2017,M,768276
Hewet,Gantzer,Yes,31.01.2015,,M,401306
Melodie,Brabben,No,20.08.2019,02.12.2019,F,750099
Bradly,Chucks,Yes,04.05.2017,24.02.2020,M,491757
Cleve,Gabbitas,Yes,31.05.2016,22.10.2017,M,751720
Archie,Sommerly,Yes,28.11.2019,09.08.2020,M,519179
Renee,Klimowski,No,01.03.2018,07.03.2020,F,828964
Creighton,Todman,No,04.03.2020,,M,602245
Woody,Delbergue,Yes,16.11.2015,22.10.2019,M,823625
Tandi,Calderwood,No,02.12.2016,,F,340489
Aksel,Aloigi,No,19.09.2017,16.02.2020,M,790480
Fransisco,Shepherdson,Yes,14.05.2015,,M,584566
Larine,Bestwall,No,30.10.2015,14.12.2015,F,700082
Sigfrid,Stollman,Yes,01.01.2020,05.02.2020,M,590095
Camellia,Milley,No,25.04.2018,,F,104241
Lilly,Gauford,Yes,20.04.2015,,F,156199
Cleopatra,Duckels,Yes,29.04.2020,,F,677976
Elroy,Soans,Yes,22.03.2016,20.04.2019,M,150310
Natalina,Camilli,No,13.10.2018,,F,731247
Trude,Jacobovitch,No,16.09.2019,,F,981256
Biddy,Toffano,No,09.06.2019,13.09.2019,F,528710
Gloriane,De Malchar,Yes,06.02.2016,,F,390571
Stanleigh,Guye,Yes,04.03.2017,,M,461093
Raychel,Nield,No,28.02.2018,,F,320157
Libbey,Gylle,Yes,25.06.2019,,F,940648
Ricca,Ridding,No,06.02.2017,,F,287717
Francis,Vivyan,No,28.07.2019,,M,886664
Malinda,Kelberman,Yes,07.01.2016,,F,705944
Abagail,Daville,Yes,01.10.2017,,F,585256
Silvan,Francescone,No,29.08.2016,,M,351757
Ilysa,Lempel,No,24.10.2018,06.04.2020,F,326255
Barclay,Ruit,No,29.01.2015,,M,364569
Jarrid,Moquin,Yes,01.08.2017,25.08.2020,M,975029
Brok,Betchley,No,29.11.2015,,M,875698
Glad,Devons,No,20.06.2018,,F,427887
Brion,Ganley,Yes,04.04.2020,17.06.2020,M,310014
Michel,Wesson,Yes,13.03.2018,,F,352453
Dolorita,Shallow,No,29.04.2017,,F,637180
Cassandra,Geering,Yes,01.11.2019,,F,115209
Nanice,Cannop,No,11.03.2018,,F,649517
Emmet,McKew,Yes,03.05.2019,,M,558194
Theodore,Walder,No,02.03.2016,,M,978620
Bink,Issacoff,No,08.02.2019,,M,347444
Maren,Loynton,Yes,04.07.2020,,F,304843
Raimund,Maultby,Yes,11.08.2016,09.03.2017,M,729174
Bear,Nuton,Yes,03.12.2016,,M,336618
Tobe,Krochmann,Yes,07.04.2017,,F,543201
Ailene,Bryan,No,08.11.2018,,F,935501
Emmalynn,McEvay,No,30.10.2019,,F,372837
Elsie,Gorvin,No,08.04.2018,18.03.2020,F,433612
Valeda,MacNess,No,10.03.2016,,F,448975
Mayer,Szymanek,No,05.01.2016,,M,461633
Mill,Djekic,No,06.07.2020,,M,633843
Zilvia,Francais,No,21.02.2016,10.04.2020,F,767727
Yolanda,Serjeantson,Yes,10.07.2018,,F,857901
Kincaid,Tonna,No,19.05.2016,20.01.2017,M,426520
Petunia,Hawes,Yes,24.04.2020,30.08.2020,F,500701
Gussie,Mendenhall,No,08.08.2019,,F,201396
Terry,Arrighi,Yes,26.04.2015,13.09.2020,F,172953
Brandea,Bumby,No,11.01.2017,,F,715726
Celestyna,Quadrio,Yes,05.02.2016,,F,940985
Arabel,Sirr,No,30.10.2019,02.12.2019,F,429496
Maighdiln,McDonogh,No,25.08.2016,21.10.2016,F,580529
Priscella,Gyver,Yes,14.11.2017,,F,450326
Bar,Bythway,No,29.11.2019,23.09.2020,M,257949
Barney,Seer,No,26.06.2019,01.10.2019,M,281954
Marilyn,Westoll,No,10.05.2016,10.04.2020,F,795963
Emmalynne,Meriel,No,18.01.2018,,F,827628
Angel,Mackelworth,No,25.08.2019,,F,884146
Con,Heatherington,No,31.07.2019,,F,916984
Dorine,Biswell,Yes,14.04.2020,25.08.2020,F,775659
Mae,Yearnsley,Yes,10.05.2019,,F,736692
Drucy,McIlenna,Yes,04.09.2018,24.05.2020,F,678866
Daloris,Moline,Yes,04.11.2015,,F,432290
Buckie,Leason,No,26.04.2016,,M,257008
Hermione,Geraldo,Yes,09.09.2019,,F,702238
Bart,Fryatt,Yes,26.01.2015,11.12.2019,M,159225
Corbie,De Ferrari,No,28.04.2016,,M,828182
Connie,De Rye Barrett,Yes,01.01.2018,,M,740370
Andee,Dundredge,Yes,29.01.2017,,F,917195
Latashia,Craigheid,Yes,15.09.2017,,F,808478
Millisent,Tubb,No,12.01.2019,02.04.2020,F,374873
Butch,Sange,No,23.10.2017,,M,574739
Rufe,Iczokvitz,Yes,06.03.2018,,M,513877
Sigfrid,Lucian,No,02.08.2015,,M,427019
Eloise,Perche,Yes,11.10.2015,,F,451028
Colline,Citrine,Yes,04.01.2017,01.10.2019,F,583163
Clementia,Spurling,Yes,29.03.2020,31.05.2020,F,842192
Mureil,Wooland,Yes,24.02.2018,14.07.2019,F,436068
Benni,Dumbellow,No,13.05.2020,,F,558690
Domingo,Harget,Yes,20.07.2016,17.01.2020,M,987808
Dominica,Duchenne,Yes,11.11.2018,05.01.2019,F,350552
Matthus,Klosges,Yes,29.05.2020,16.08.2020,M,634518
Johnette,Lippiatt,Yes,06.03.2018,25.05.2020,F,581558
Thaine,Daburn,Yes,25.02.2019,22.11.2019,M,942939
Gaston,Drohan,Yes,29.04.2017,,M,922091
Rich,Bentinck,No,13.06.2019,,M,313546
Norina,Tison,Yes,23.02.2020,,F,427932
Clementius,Alberti,Yes,28.01.2016,,M,994174
Verena,Clampett,Yes,13.07.2018,,F,827519
Lin,Terbrug,Yes,29.11.2018,,F,378577
Aurilia,Yter,Yes,25.07.2015,,F,283261
Cort,Harling,Yes,06.07.2017,03.09.2018,M,895125
Noland,Eary,No,11.05.2016,,M,139779
Gauthier,Cashley,Yes,12.01.2020,21.03.2020,M,116402
Mei,Newcome,No,31.08.2019,01.06.2020,F,760193
Lurlene,Stones,Yes,16.11.2016,20.12.2019,F,102865
Korey,Berthomieu,Yes,28.04.2020,,M,929266
Dwayne,Jahncke,No,30.11.2014,05.02.2015,M,451222
Wyatan,Rapley,Yes,03.05.2020,03.08.2020,M,695491
Hamish,Allkins,No,19.08.2016,,M,361637
Tamra,Boulds,Yes,15.11.2014,,F,855738
Dulcy,Odda,Yes,04.03.2017,,F,265999
Kali,Boniface,No,20.12.2016,05.10.2018,F,585348
Marinna,Peeter,Yes,11.12.2016,,F,103036
Scotti,Kynan,No,06.05.2018,,M,501995
Wanids,Hargerie,No,26.11.2014,,F,321204
Suzanne,Gerg,Yes,01.08.2018,,F,508985
Idalia,Heaviside,Yes,11.11.2015,,F,835444
Morris,Hoyland,Yes,05.05.2020,23.08.2020,M,761464
Theodosia,Stockin,Yes,18.09.2015,17.10.2019,F,290715
Anastassia,Roddick,No,05.10.2017,10.04.2018,F,659192
Bobby,Hudel,Yes,25.04.2020,22.09.2020,M,202656
Chrisy,Clatworthy,Yes,03.05.2017,31.08.2017,M,284985
Haroun,Walsh,No,03.07.2016,,M,952543
Uriah,Prince,No,06.06.2015,12.02.2017,M,509818
Marnie,Conew,No,27.02.2017,22.07.2017,F,530206
Romeo,Bessom,No,20.03.2017,,M,926012
Lil,Scholtz,Yes,13.01.2020,,F,445300
Alyda,Burkinshaw,No,19.04.2016,,F,268087
Meyer,Swindlehurst,No,14.05.2018,22.09.2019,M,215769
Gert,Sturm,No,20.11.2015,,F,403176
Nefen,Rabley,Yes,18.02.2016,08.12.2018,M,147663
Egan,Gadie,No,09.09.2016,03.07.2018,M,533213
Scarface,Flegg,No,29.01.2016,,M,700945
Carrie,Brownbill,No,26.04.2020,,F,713007
Alberta,Schubbert,Yes,07.01.2016,21.05.2016,F,352849
Hew,Camble,No,09.04.2019,,M,848224
Jordan,Frantz,Yes,30.09.2015,,F,787814
Vaughn,Conkey,Yes,01.03.2017,,M,584929
Miranda,Brade,Yes,14.06.2018,,F,839785
Fawne,Hulkes,Yes,01.07.2016,,F,134055
Dav,Hellen,No,15.06.2017,,M,740348
Derrick,Breadon,No,06.07.2018,,M,811837
Mahmoud,Grimbleby,No,16.11.2016,09.09.2020,M,583157
Garnet,Gard,No,27.09.2017,,F,286553
Maximo,Chaudron,Yes,01.07.2016,,M,244135
Tracie,Agge,No,29.06.2017,,F,971494
Carmen,Durrett,No,26.05.2017,23.04.2019,F,774219
Casey,Rocks,No,30.11.2019,,F,485112
Alejandra,Leveret,No,27.12.2014,,F,211326
Lynett,Stoll,No,01.05.2015,,F,180710
Tina,Giral,Yes,15.01.2017,14.05.2020,F,308258
Gillian,Merman,No,10.08.2018,11.10.2018,F,621430
Ferguson,Riggert,Yes,24.04.2020,22.08.2020,M,382179
Kori,Vost,No,01.06.2019,,F,410211
Ramon,Edmands,No,21.03.2016,16.11.2019,M,411268
Sid,Gilliver,Yes,18.08.2018,,M,333445
Alys,Lowles,Yes,26.10.2016,,F,872476
Cheston,Broader,No,05.01.2018,,M,267817
Bernadina,Cuckoo,No,26.12.2014,28.03.2016,F,135408
Tracey,Gazzard,No,02.04.2015,,M,705368
Erinna,Fairhead,Yes,19.05.2016,,F,670093
Winifred,Le Fevre,No,14.07.2016,,F,180489
Dicky,Blunsden,Yes,08.06.2015,01.04.2017,M,264155
Agatha,Roycroft,No,03.06.2017,27.04.2018,F,965216
Arron,Suttling,No,15.01.2016,,M,190708
Evelyn,Cicculini,Yes,20.02.2016,,F,342876
Cam,Leteurtre,No,01.07.2018,,F,410714
Johnette,Wastall,No,13.07.2017,,F,275396
Karlotta,Boatwright,Yes,27.05.2019,04.04.2020,F,952262
Callie,Wahncke,Yes,19.07.2017,,F,340519
Bastien,Semeradova,Yes,24.12.2016,,M,365791
Zara,Brandel,No,19.09.2017,,F,529160
Teri,Deedes,Yes,09.01.2015,,F,211334
Pail,Benedettini,Yes,28.08.2019,24.02.2020,M,529316
Noel,Othick,Yes,04.04.2018,06.02.2019,M,190716
Horacio,Maffini,Yes,25.09.2015,,M,566940
Gennie,Kimmince,No,27.07.2018,,F,872047
Tami,Hurdle,No,08.02.2016,29.11.2016,F,428630
Ginelle,Jancey,No,29.04.2018,,F,271565
Billie,Sallings,No,21.07.2019,18.05.2020,M,440963
Maggie,Sket,No,28.05.2019,17.07.2020,F,181752
Gabbie,Kingstne,Yes,05.04.2016,18.03.2019,F,807791
Rosalie,MacGarrity,Yes,23.06.2016,01.01.2017,F,928718
Merry,Wheeler,Yes,13.06.2016,25.12.2017,M,949442
Lynde,Deverick,No,24.07.2015,20.07.2016,F,450660
Worth,Adamovsky,Yes,27.11.2018,29.05.2020,M,188912
Galen,Frandsen,Yes,27.04.2016,16.09.2019,M,786580
Urbain,Olliffe,No,15.07.2015,,M,237220
Penny,Coucha,No,11.10.2016,,F,437234
Thedrick,Sugg,Yes,31.07.2020,15.09.2020,M,206051
Georgeanne,Howe,Yes,29.10.2019,29.12.2019,F,700666
Sherwynd,Keymar,Yes,17.03.2016,,M,139887
Mano,Godfroy,Yes,24.02.2019,09.03.2020,M,932637
Bailey,Jaslem,Yes,13.10.2016,19.03.2019,M,154149
Dani,Denk,Yes,22.05.2015,26.06.2018,M,491863
Sinclare,Sacker,Yes,20.04.2017,,M,414387
Ertha,Hallen,Yes,25.01.2015,,F,232982
Rosalynd,Gladbach,Yes,08.07.2015,10.07.2016,F,424475
Alanah,Dany,Yes,01.05.2018,,F,430251
Felice,Mussettini,No,03.04.2019,15.06.2019,M,739674
Ethelda,Coonihan,No,05.09.2018,,F,447033
Eustacia,Robertucci,Yes,29.03.2020,,F,344503
Mommy,Jendrassik,Yes,11.08.2015,15.03.2020,F,731664
Hyacinthe,Free,No,25.02.2019,29.03.2020,F,686203
Isabella,Harness,No,29.03.2015,,F,355131
Wileen,Becken,Yes,15.08.2016,15.06.2017,F,738837
Otes,Gillon,Yes,01.06.2019,,M,342989
Kenon,Cockcroft,Yes,19.03.2017,02.09.2020,M,505073
Brita,Jiggle,Yes,28.01.2018,,F,522441
Dominique,FitzAlan,Yes,20.01.2015,15.12.2017,F,539353
Carver,Tyres,Yes,05.01.2018,18.03.2019,M,938410
Monica,Kingzett,No,20.04.2020,06.08.2020,F,744084
Shae,Braksper,Yes,15.07.2017,,F,389594
Mike,Pechacek,Yes,25.01.2016,,M,310901
Cornie,Lett,No,11.02.2017,20.03.2020,M,812523
Melisenda,Cove,No,08.12.2015,,F,616531
Valene,Lawland,No,21.03.2015,,F,940482
Lloyd,Klementz,Yes,18.03.2015,05.10.2018,M,597495
Blondie,Paulet,No,04.05.2016,,F,927584
Benedicta,Haslen,No,07.05.2018,26.12.2018,F,135724
Millicent,Fearne,No,19.12.2016,,F,302368
Edita,Bizzey,No,30.01.2015,,F,155062
Marisa,Meeny,No,10.06.2020,,F,425294
Marlo,Bonnette,No,12.12.2019,,M,292529
Gail,Letchford,Yes,29.08.2018,08.09.2019,M,622117
Innis,Glasbey,Yes,24.03.2019,,M,129102
Lita,Pogson,Yes,03.08.2020,10.09.2020,F,260650
Josefina,Chomicki,No,13.11.2017,,F,472156
Nap,McCerery,Yes,11.06.2018,,M,814557
Ellyn,How,No,10.11.2016,21.12.2016,F,323826
Tobiah,Gerard,No,27.12.2015,15.02.2018,M,715376
Edmund,Hinchcliffe,Yes,04.12.2017,31.05.2018,M,926375
Josias,Leall,Yes,19.02.2017,14.07.2019,M,334655
Randal,Leidl,No,23.03.2015,,M,612541
Nefen,Gheorghescu,Yes,15.08.2019,,M,524071
Silvio,Marquese,Yes,12.12.2019,,M,611016
Perry,Bollans,No,26.11.2016,,F,866970
Phil,Durand,No,17.02.2019,08.09.2020,F,120920
Sheppard,Growy,No,26.12.2016,,M,100467
Monte,Janauschek,Yes,19.09.2015,06.09.2016,M,715415
Hortense,Crevy,No,04.01.2017,18.06.2018,F,711503
Harmonie,Phillp,Yes,06.03.2016,,F,337303
Galen,Feehan,Yes,20.06.2020,,M,691185
Jared,Hanigan,No,30.04.2015,06.08.2018,M,571561
Blythe,Jacobowits,Yes,08.11.2018,,F,302744
Gil,Hedau,No,27.01.2017,,M,393931
My,Viccars,Yes,25.05.2016,,M,429266
Flemming,Feehily,No,22.12.2016,,M,959440
Ruperto,Mackness,No,13.08.2019,,M,894629
Osborn,Elington,Yes,10.12.2019,,M,615842
Chicky,De Carolis,Yes,11.09.2015,18.10.2019,M,237244
Cull,Tallent,Yes,31.10.2016,13.02.2017,M,123223
Marcile,Shawyer,Yes,27.11.2014,,F,391461
Joanne,Labram,No,04.08.2017,26.12.2018,F,650633
Anderson,Conningham,No,07.01.2015,19.05.2018,M,701406
Kain,Shearmur,Yes,20.04.2017,,M,162236
Rockie,Midford,Yes,04.06.2019,,M,388852
Zacharia,Ciccetti,No,07.02.2016,,M,411830
Keely,Zannutti,No,12.12.2019,,F,980969
Dode,Tuddenham,No,25.08.2017,,F,864339
Bennie,Blazy,No,17.02.2016,08.03.2017,F,168777
Garreth,Benian,Yes,29.07.2016,18.09.2016,M,796425
Valene,Doog,Yes,05.10.2018,22.07.2020,F,193128
Clarabelle,Quantick,Yes,28.02.2017,25.05.2018,F,375902
Janaya,Melmeth,No,26.11.2014,,F,882133
Lothario,Burwood,No,28.06.2020,,M,128116
Elysee,Cannop,Yes,27.01.2017,13.06.2018,F,507892
Iain,Krebs,No,27.06.2016,04.06.2020,M,412911
Jobye,Suttill,No,11.09.2017,07.08.2018,F,991073
Janie,Loeber,No,19.02.2020,13.06.2020,F,437605
Ruthe,Jina,Yes,19.04.2020,,F,359760
Idell,Wontner,No,09.08.2016,31.05.2018,F,973624
Pavla,Rudolph,Yes,07.05.2019,,F,125845
Dom,Smogur,No,01.05.2019,08.04.2020,M,487575
Brenda,Firminger,Yes,31.07.2019,09.10.2019,F,721670
Mellicent,Preddle,Yes,14.12.2015,,F,109455
Delbert,Aubry,No,10.06.2020,,M,565379
Kahaleel,Thomke,No,29.07.2019,04.07.2020,M,589552
Edlin,Godfrey,No,11.03.2015,,M,542449
Freedman,Nowill,No,22.11.2018,,M,481423
Lilly,Janicek,Yes,05.04.2015,,F,340555
Thea,Fishwick,Yes,10.05.2020,,F,688984
Sansone,Forder,No,22.07.2018,16.02.2020,M,925376
Verne,Christophle,No,25.05.2019,01.07.2019,M,447930
Brok,Kilban,No,18.11.2017,,M,843144
Jo,Seamons,No,31.05.2017,,M,311396
Petronella,Tarte,No,09.04.2018,,F,439107
Michale,Quelch,No,30.10.2016,,M,293759
Jesus,Ludovici,No,18.10.2018,,M,123657
Clayton,Puckring,Yes,13.01.2018,,M,591741
Chance,Tynan,No,09.02.2018,,M,194927
Ignazio,Glabach,Yes,30.04.2020,,M,684396
Mathian,Solleme,Yes,30.10.2015,,M,845187
Tremain,Bushell,Yes,14.02.2015,19.08.2019,M,730494
Kania,Speddin,No,18.11.2014,11.01.2019,F,957969
Bernadina,McHenry,No,06.05.2017,,F,297932
Shep,Grierson,No,01.12.2017,,M,610271
Viola,Hellen,No,25.10.2018,,F,149071
Beverly,Evangelinos,No,27.06.2015,25.05.2018,F,542366
Elvina,Parkhouse,Yes,20.07.2018,,F,209859
Brynna,Keyzman,Yes,05.04.2018,,F,184215
Maryann,Colrein,No,17.09.2017,,F,966360
Suellen,Dun,Yes,19.03.2015,23.12.2015,F,877528
Crawford,McReedy,No,29.01.2018,03.12.2018,M,762329
Elinor,Wardall,No,28.03.2020,,F,387410
Jeannie,Gun,No,03.12.2015,,F,598663
Merell,Jakubovits,Yes,18.05.2018,,M,741412
Melli,Pischel,No,06.11.2015,,F,435562
Norina,Hannen,No,21.03.2018,,F,392211
Marne,MacLleese,Yes,27.06.2016,23.10.2018,F,991806
Meta,Tomasik,Yes,01.03.2018,07.07.2018,F,578409
Jerad,Benham,Yes,22.01.2017,,M,811595
Maud,Gillett,Yes,16.06.2017,04.10.2019,F,857543
Tomasina,Churm,Yes,09.07.2015,21.11.2017,F,296660
Nobie,Butlin,No,13.01.2019,,M,565279
Chelsey,Helix,Yes,29.04.2020,,F,338734
Marilyn,Rainer,No,26.09.2015,,F,181941
Ransom,Beckhurst,No,18.10.2019,,M,431776
Devina,Thring,Yes,05.03.2015,,F,336930
Leupold,Scourfield,Yes,10.02.2018,,M,746743
Madeleine,Vigietti,No,17.10.2019,,F,924011
Millisent,Shavel,No,13.03.2017,07.12.2019,F,709030
Daune,Wanley,No,29.06.2017,17.09.2017,F,498701
Thedrick,Queyos,Yes,01.10.2018,,M,431837
Claus,Grosvenor,Yes,31.12.2015,,M,717573
Carroll,Hardman,No,07.05.2018,,M,176098
Waiter,Cheeld,No,06.12.2014,,M,575398
Abrahan,Prantoni,No,24.08.2017,,M,151034
Valentijn,Cobson,No,22.06.2019,,M,808158
Chaim,Maginn,Yes,12.08.2015,,M,444206
Kerr,Kochel,No,10.02.2017,14.04.2018,M,926292
Mozes,Dunlea,No,13.11.2018,04.04.2020,M,727096
Willey,Pencost,No,15.07.2018,25.12.2019,M,984103
Gertrude,Ianitti,Yes,28.01.2015,,F,108079
Stanwood,Keely,No,12.07.2017,17.07.2018,M,566848
Mariellen,Duce,No,31.03.2016,,F,890568
Nessie,Okill,Yes,04.08.2016,,F,378289
Reggy,Draycott,No,26.10.2016,,M,430920
Harrietta,Briggdale,No,31.10.2017,,F,713465
Aylmar,Scolding,Yes,05.05.2015,,M,638753
Allys,Hinken,Yes,03.09.2018,,F,743953
Denys,Phidgin,No,07.03.2019,,F,372581
Kristopher,Reubel,No,04.07.2016,02.07.2020,M,620615
Josh,Towns,No,26.06.2015,,M,341008
Bert,Winley,No,22.09.2018,15.11.2019,M,849673
Pepita,McCreary,No,05.04.2018,,F,486116
Kimble,Oller,Yes,17.02.2018,,M,408749
Maryjane,Haughin,Yes,04.08.2017,,F,939736
Mandi,Wilbor,Yes,13.07.2020,03.09.2020,F,186849
Evelyn,Di Matteo,Yes,17.06.2016,,M,879982
Holly,Andreone,No,09.01.2020,22.09.2020,M,466916
Smitty,Foffano,No,19.12.2014,,M,732531
Jonathon,Pabel,Yes,29.09.2016,,M,877949
Baird,Faveryear,Yes,31.03.2020,,M,680477
Lindsay,Warbeys,Yes,05.02.2016,20.11.2016,F,430647
Garwin,Look,No,08.09.2016,,M,235364
Glenna,Sweatman,No,27.12.2014,26.03.2020,F,537482
Boycie,Ivanchov,Yes,02.08.2016,18.03.2017,M,798042
Chev,Tackle,No,16.08.2016,24.08.2020,M,134111
Tanhya,Carratt,Yes,11.08.2017,,F,825301
Drake,Burbank,No,10.10.2015,14.07.2020,M,569933
Wallie,Kingswood,Yes,09.08.2016,11.08.2020,M,339216
Fanya,Robrow,No,14.12.2018,18.07.2019,F,773346
Flem,Batrop,No,02.05.2016,10.03.2017,M,270109
Nathaniel,Pietrusiak,Yes,22.06.2019,,M,686127
Dix,Bibby,Yes,09.03.2019,,F,206834
Donnell,Ackerman,No,31.01.2015,,M,536042
Marcia,Peever,No,04.11.2019,,F,249663
Margalit,Emmison,Yes,14.12.2014,,F,867684
Sheri,Walkowski,Yes,06.05.2018,,F,597230
Tate,Cordy,Yes,27.08.2016,11.07.2019,M,134778
Kenton,Tomlett,Yes,10.02.2015,,M,234836
Leontyne,Golde,No,16.12.2019,,F,780221
Kathye,Dykins,No,27.05.2017,,F,583544
Margette,Govier,Yes,25.06.2018,,F,271975
June,Akehurst,Yes,04.11.2016,,F,276301
Tyler,Antoney,Yes,18.02.2018,05.09.2019,M,607680
Bengt,Beldan,Yes,10.08.2019,26.01.2020,M,772047
Christean,Sindall,No,26.06.2016,29.09.2017,F,863078
Deeanne,Adamthwaite,No,19.07.2016,21.09.2018,F,377639
Haskel,Lithgow,No,20.09.2017,,M,843303
Thomasine,Milburn,Yes,19.06.2020,19.09.2020,F,592106
Deny,Karpenko,Yes,19.02.2018,30.06.2020,F,699409
Darell,Scowen,No,13.11.2017,13.05.2018,F,698317
Filide,Barfford,Yes,11.02.2019,26.05.2020,F,775525
Hastings,Connochie,Yes,14.06.2019,,M,444292
Ericha,Brookfield,Yes,19.10.2015,06.05.2018,F,852417
Sheridan,Kleinmann,No,19.12.2017,20.11.2018,M,513492
Broderic,Offiler,Yes,09.11.2016,,M,963835
Casey,Gasperi,Yes,24.06.2017,,F,327839
Janey,Carver,Yes,17.10.2016,,F,920175
Marianna,Emberton,Yes,25.10.2015,,F,618022
Gus,Steers,Yes,23.03.2018,17.01.2020,M,345177
Ilyse,Rymour,No,03.10.2016,17.05.2019,F,698783
Karel,Scoggin,Yes,24.03.2017,19.06.2019,M,615792
Lena,Radborn,No,07.04.2019,,F,620928
Pall,Swaisland,Yes,24.09.2018,04.06.2020,M,437123
Patsy,Hazeup,No,05.08.2020,,M,846373
Jayson,Coolbear,Yes,03.01.2016,,M,121247
Clementina,Halhead,Yes,15.09.2018,,F,591793
Nerti,Broadberrie,Yes,11.07.2016,08.04.2020,F,169343
Davita,Dennant,Yes,31.03.2016,,F,713782
Blaire,Pannaman,Yes,03.10.2019,,F,909138
Grantham,Americi,No,21.09.2015,,M,205980
Artemis,Saltrese,No,24.03.2016,,M,447179
Dot,Iddins,Yes,18.10.2019,11.09.2020,F,498843
Luciana,McKag,No,08.04.2016,19.07.2020,F,292319
Marlowe,Sket,No,18.09.2019,,M,279232
Donielle,Shayler,No,19.03.2016,,F,749278
Curtis,Dunphy,No,09.12.2019,,M,247797
Kaspar,Brimble,Yes,25.07.2018,09.01.2020,M,278940
Carlotta,Newband,No,18.06.2019,,F,312215
Abbie,Grichukhin,No,02.08.2017,19.08.2019,M,848063
Jakie,Woodwin,Yes,08.10.2015,,M,557754
Norean,Dampney,Yes,25.12.2018,,F,990663
Barty,Hay,No,19.11.2016,30.06.2020,M,543346
Claudina,Mulrenan,Yes,28.06.2019,27.10.2019,F,964211
Dimitri,Hopkynson,No,18.07.2018,27.12.2019,M,526610
Gerri,Hurkett,Yes,27.06.2015,18.01.2019,M,406384
Lib,Peal,No,06.06.2017,,F,660940
Graig,Ballach,Yes,24.02.2016,24.06.2016,M,676937
Laurene,Zellner,No,31.12.2018,27.06.2020,F,417382
Chiquita,Grzelczak,Yes,27.10.2016,06.05.2019,F,530737
Graehme,Gimblett,No,13.03.2019,,M,578925
Simone,Lewsy,Yes,10.10.2016,,M,929402
Osmund,Gerlack,Yes,25.10.2017,08.03.2020,M,355550
Sarena,Dudenie,No,20.02.2016,09.08.2017,F,867353
Baird,Houseago,No,09.06.2018,,M,889528
Mead,Ferencz,Yes,27.08.2016,,F,324677
Row,Betton,Yes,17.12.2016,,F,394849
Carla,Le Blond,Yes,11.02.2018,,F,543469
Rad,Lints,Yes,02.08.2015,27.05.2017,M,713230
Teena,Kornalik,No,07.03.2015,,F,529487
Chickie,Udale,Yes,04.07.2017,,F,741230
Eyde,Pamplin,Yes,21.07.2015,,F,774204
Carce,Veque,Yes,15.03.2015,20.09.2019,M,642226
Brittaney,Milella,No,03.01.2016,,F,776123
Alethea,Bruhn,Yes,03.09.2017,,F,374856
Elsi,Connachan,No,23.12.2016,,F,613591
Shana,Ghiron,Yes,29.01.2018,,F,189039
Rufus,Compfort,Yes,09.09.2017,17.09.2019,M,103578
Arabelle,Marchent,Yes,11.07.2019,14.10.2019,F,193973
Marcella,Seacroft,Yes,23.12.2015,06.05.2016,F,291766
Horst,Charkham,Yes,30.11.2018,24.05.2020,M,387731
Giacobo,Zollner,No,15.04.2020,,M,789206
Jermaine,Felipe,Yes,29.10.2017,20.04.2018,M,821309
Aleece,Childs,No,11.04.2019,20.12.2019,F,257214
Sibilla,Mylechreest,Yes,09.05.2015,21.10.2018,F,162131
Toddy,de Keep,Yes,24.10.2017,03.09.2018,M,744486
Katee,Theis,Yes,15.11.2017,,F,316992
Muffin,Jaggar,Yes,11.04.2018,,F,499237
Wain,Sends,Yes,01.02.2020,,M,246132
Reynard,Keating,No,02.09.2016,,M,589146
Norry,Scandroot,Yes,03.06.2020,21.07.2020,M,163809
Valida,Cowey,Yes,28.09.2016,03.04.2020,F,126499
Boote,De Malchar,No,24.08.2015,13.07.2018,M,453730
Phelia,Kirstein,No,25.08.2017,05.06.2018,F,193396
Tabbie,Isacke,Yes,30.06.2020,,M,957080
Rayshell,Eliot,No,08.01.2020,,F,114484
Arlette,Hardwicke,No,09.06.2017,,F,359034
Fidelity,Schnitter,Yes,24.07.2018,,F,168887
Breanne,Nowill,Yes,22.01.2019,,F,226202
Anastasia,MacCumeskey,No,17.07.2016,06.04.2020,F,368074
Zelda,Skarman,No,01.08.2016,20.05.2020,F,505121
Dennis,Docket,Yes,14.12.2015,,M,356634
Christian,Westpfel,No,03.06.2019,,M,738618
Gabriell,Attenbarrow,Yes,26.05.2018,26.04.2020,F,802162
Edee,Vasyutichev,Yes,31.10.2016,03.05.2020,F,519056
Adele,Jursch,No,19.08.2019,,F,806471
Nicol,Wadge,No,05.02.2015,19.04.2015,M,925515
Giorgia,Picken,No,01.03.2017,,F,728859
Heywood,Weatherell,No,19.09.2018,,M,933248
Wolfgang,Blasing,Yes,26.07.2015,08.01.2017,M,447685
Cris,Vanns,Yes,18.05.2019,,M,163942
Tomaso,Orthmann,Yes,12.01.2020,,M,922375
Ellerey,Kisting,Yes,14.06.2020,,M,405063
Ashlie,Knappett,No,24.01.2015,11.09.2019,F,351751
Evyn,Wrintmore,Yes,22.05.2017,18.03.2018,M,968961
Flossie,Hoogendorp,No,06.03.2017,16.10.2018,F,273851
Berty,Lambe,Yes,09.07.2018,,F,822954
Sianna,Farren,No,17.11.2019,,F,416757
Cristian,Breffitt,Yes,13.06.2019,08.09.2019,M,121823
Urbain,Walczak,No,30.07.2019,,M,260469
Rogers,Marmyon,Yes,07.06.2017,23.12.2018,M,212674
Sileas,Drinnan,Yes,11.01.2015,27.03.2019,F,880954
Keefer,Afield,Yes,30.01.2018,03.07.2020,M,570917
Nowell,Ahrens,No,31.01.2016,22.09.2018,M,541578
Mata,Crofthwaite,No,02.02.2016,04.03.2020,M,851203
Annecorinne,Giovannacc@i,Yes,07.10.2018,,F,686880
Melva,Jockle,No,27.12.2016,20.05.2017,F,450690
Bambie,Bortolomei,No,30.10.2018,06.05.2020,F,763858
Marika,Heims,No,21.10.2017,,F,733034
Willy,Pays,No,26.01.2015,14.02.2020,F,943669
Petunia,Bisiker,No,11.05.2019,06.10.2019,F,585836
Evyn,Gabe,Yes,21.08.2017,,M,559433
Claudelle,Sirmon,No,12.08.2019,,F,992512
Eugenius,Merrett,No,22.12.2016,,M,732041
Brewer,Coole,Yes,29.11.2018,,M,988556
Hailee,Warbys,No,21.02.2019,07.10.2019,F,890876
Germayne,Castanyer,Yes,30.11.2019,,M,754275
Yul,Piet,No,22.12.2015,30.12.2017,M,166480
Harper,Aleksandrikin,Yes,14.03.2020,,M,879400
Valerye,McTaggart,Yes,05.08.2017,,F,901378
Chrisy,Lammerts,No,10.12.2016,,M,556524
Lianna,Sainte Paul,No,27.09.2018,,F,306614
Johnny,Scaice,Yes,06.02.2019,,M,175502
Hermy,Brussell,No,05.03.2015,21.12.2017,M,749885
Carolus,Boote,Yes,09.06.2016,07.04.2018,M,907290
Demetre,McClements,No,02.03.2018,08.06.2020,M,416004
Kym,Enticknap,No,30.08.2019,,F,359327
Mickie,Nellen,No,28.09.2018,23.09.2020,F,918309
Maxie,Kleinberer,Yes,29.06.2015,,M,516920
Donni,Pocknell,Yes,03.05.2019,30.03.2020,F,844624
Giraud,Fewings,Yes,27.12.2017,,M,877244
Konstance,Randell,Yes,20.01.2017,,F,169461
Elicia,Allpress,No,04.11.2018,09.01.2020,F,243169
Eleen,Soares,No,10.09.2017,,F,290144
Darbee,Heaford,No,16.03.2016,,M,180844
Dore,Ellerton,Yes,21.01.2015,,F,653981
Adena,Woods,Yes,23.10.2015,,F,947333
Helsa,Croix,No,12.01.2016,09.09.2018,F,654747
Lilllie,Heugle,Yes,31.01.2016,27.03.2019,F,994251
Nealy,Duckfield,No,24.01.2020,,M,950550
Sandro,Spendlove,Yes,02.04.2020,,M,858449
Shana,Arkill,Yes,09.05.2020,,F,280384
Benetta,Paulon,No,30.06.2019,,F,572403
Bail,Riteley,Yes,11.08.2018,22.06.2020,M,360032
Mart,Wiltshire,Yes,02.02.2016,17.01.2019,M,216744
Brittaney,Blase,Yes,28.03.2016,,F,489617
Chelsea,Croneen,No,10.02.2015,19.04.2015,F,911248
Sheff,Keneforde,No,06.07.2017,,M,759768
Hadley,Crowe,Yes,13.10.2016,12.04.2017,M,330035
Henrik,Mulheron,Yes,14.02.2019,,M,117467
Nickola,Kasparski,No,27.01.2020,31.07.2020,M,987763
Korney,Aggas,No,03.09.2015,27.06.2018,F,321596
Annmarie,Otteridge,No,04.06.2019,02.12.2019,F,892312
Kalinda,Sworne,No,21.09.2019,,F,576809
Whittaker,Ashwell,No,22.07.2020,,M,118859
Gilbertina,Kynsey,No,25.09.2017,,F,996453
Davida,Grundle,No,10.05.2020,06.08.2020,F,281580
Frazier,Brasseur,No,20.07.2018,,M,572724
Tamas,Toffetto,Yes,27.02.2015,22.06.2020,M,633857
Daniele,Rameau,No,29.06.2019,16.06.2020,F,511230
Micheline,Scyone,No,14.03.2020,,F,256225
Toni,Shaefer,Yes,24.08.2016,10.02.2017,F,297562
Kurtis,Bicker,No,17.04.2017,20.06.2017,M,115548
Torey,Bowerman,No,07.06.2015,,M,825643
Clemens,Parsell,Yes,30.04.2019,,M,827034
Dur,Tevlin,No,29.07.2020,23.09.2020,M,677540
Alric,Harmour,No,22.05.2017,,M,381320
Trumann,Moffatt,No,05.10.2018,,M,195077
Orlando,Benez,Yes,01.03.2018,07.06.2019,M,666451
Paolo,Flescher,Yes,23.08.2015,27.09.2016,M,700517
Gunner,Garie,Yes,24.06.2020,,M,849587
Thornton,MacTurlough,Yes,19.06.2017,23.07.2018,M,740718
Jordan,Edinburough,Yes,08.03.2015,14.12.2018,F,132777
Ivar,Ivanilov,No,30.11.2019,,M,939799
Korie,Gladdifh,No,10.09.2016,12.10.2019,F,130670
Gard,Sture,Yes,20.12.2014,,M,853498
Webster,Godfree,Yes,03.12.2015,,M,550783
Merrilee,Whitland,No,26.12.2014,09.04.2019,F,787386
Gwenore,Dran,Yes,24.01.2020,27.07.2020,F,577969
Etti,Adshead,No,11.09.2019,23.05.2020,F,650665
Denney,Walton,Yes,28.04.2019,,M,113627
Mandel,Cribbins,No,15.01.2018,,M,233859
Virge,Fagge,No,02.05.2017,,M,682220
Sander,Eicheler,No,15.06.2018,12.01.2019,M,938467
Sascha,Gurner,Yes,01.05.2017,23.02.2018,M,355858
Evita,Lamond,No,25.07.2017,,F,773885
Marjory,Brisland,No,06.03.2020,,F,898956
Callean,Burnsell,No,08.04.2017,26.10.2019,M,439611
Cati,Ingall,Yes,26.03.2017,,F,672506
Marina,Tingle,No,18.06.2018,19.02.2019,F,429038
Barbabas,Menzies,No,14.05.2016,,M,166520
Forrest,Blore,No,13.06.2020,,M,992901
Zorine,Milton,No,12.05.2016,,F,622404
Lindsey,McIlwraith,No,27.06.2015,,M,248752
Milka,Maylin,Yes,02.06.2018,09.10.2018,F,131546
Sabra,Condon,No,15.03.2015,07.09.2015,F,329413
Delinda,McLeod,No,05.04.2020,,F,380935
Cornelle,Tomaszkiewicz,No,26.07.2017,08.08.2019,F,257426
Viole,Dumbrill,No,16.10.2016,,F,113976
Hart,Eilles,No,22.10.2016,,M,381050
Christophe,Kelsey,No,01.12.2015,,M,943432
Jerrine,Gaiger,Yes,07.11.2017,,F,950751
Flemming,Roseborough,Yes,27.12.2018,30.12.2019,M,970130
Sherie,Le Pruvost,Yes,29.01.2016,03.09.2020,F,950777
Rachael,Sheddan,Yes,06.02.2015,,F,814813
Eve,Capell,No,30.01.2020,15.08.2020,F,183236
Violette,Mathevon,No,22.12.2016,,F,713899
Ame,Ingliby,Yes,09.11.2016,,F,260125
Kermie,Porte,No,21.03.2015,,M,871968
Vachel,Adamovitch,Yes,23.12.2014,,M,413301
Kenn,Stanlack,No,26.09.2015,10.09.2019,M,757500
Derk,Eates,No,20.01.2020,24.05.2020,M,723696
Nerte,Edgar,No,17.02.2019,22.06.2019,F,802103
Florida,Oldham,Yes,28.09.2017,25.04.2020,F,736072
Belva,Roycroft,No,07.02.2015,,F,744593
Vito,Warwick,No,29.01.2016,,M,223505
Bax,Maltster,Yes,05.08.2020,,M,369651
Craig,Stormonth,No,08.02.2018,26.08.2018,M,417723
Carlynne,Olennikov,Yes,14.12.2014,,F,960346
Wilbert,Dodson,No,10.08.2015,14.10.2019,M,565588
Clayborn,Bigrigg,No,01.08.2020,13.09.2020,M,592127
Wesley,Rexworthy,No,28.01.2016,,M,751481
Spike,Veldman,Yes,11.11.2014,,M,768186
Rikki,Delacroux,No,02.12.2019,18.07.2020,F,711944
Katleen,Finnis,Yes,05.09.2015,,F,843919
Minni,Bosence,Yes,30.06.2016,,F,182692
Melva,Korlat,Yes,10.01.2016,,F,859834
Sigrid,Blasio,No,25.01.2015,31.12.2016,F,334696
Pavla,Delleschi,Yes,16.03.2016,,F,238460
Moreen,Toffolo,Yes,01.02.2017,,F,408236
Kory,Ginn,Yes,23.08.2016,,M,795622
Carolan,Orleton,No,18.03.2015,,F,581176
Dory,Coche,No,14.04.2020,22.06.2020,M,891847
Guthrie,Bonniface,No,07.06.2020,,M,996431
Crosby,Laydel,No,05.02.2020,,M,487381
Alano,Oade,No,01.01.2019,04.06.2020,M,733577
Bald,Tooting,No,21.07.2016,15.02.2020,M,526283
Paulo,Tarren,No,13.07.2015,,M,593407
Cicely,McCready,Yes,21.12.2018,21.10.2019,F,843348
Domenic,Nand,Yes,05.10.2015,,M,858835
Allie,Paladino,No,13.03.2016,,F,834267
Alberta,Middle,Yes,27.10.2016,,F,380040
Roseline,Truss,Yes,24.06.2017,,F,167090
Roldan,Pourvoieur,Yes,23.10.2019,,M,365725
Roselin,Barnewille,Yes,14.02.2017,,F,567431
Anallise,Marchbank,No,26.07.2019,,F,860874
Traver,Death,Yes,28.02.2019,,M,955378
Henrie,Maunders,No,12.03.2017,10.03.2018,F,493584
Michail,Gullberg,No,03.05.2018,07.10.2019,M,279939
Bettine,Caulcott,No,02.05.2019,29.09.2019,F,422034
Bobbi,MacShane,No,12.07.2015,15.03.2016,F,902535
Clim,Dykes,No,01.04.2016,01.03.2018,M,301071
Fayth,MacGauhy,No,14.03.2018,15.08.2019,F,356464
Wald,Heavyside,No,06.10.2018,24.03.2019,M,290747
Adolphe,Booy,Yes,25.05.2020,22.07.2020,M,305046
Claudelle,Gouch,No,27.05.2017,01.09.2018,F,270969
Sawyer,Leyrroyd,Yes,21.06.2018,01.08.2018,M,371535
Micah,Urridge,No,12.01.2020,,M,965625
Kori,Paley,Yes,25.09.2017,,F,345009
Linc,Hitcham,Yes,09.03.2019,,M,338193
Aguste,Hammerton,No,13.09.2017,23.11.2017,M,842461
Nevin,Lewington,No,03.07.2019,03.03.2020,M,989912
Umberto,Roseburgh,Yes,12.01.2017,06.08.2020,M,799843
Pia,Bremond,No,06.12.2017,,F,443269
Ax,Dormer,Yes,20.10.2018,,M,488829
Kelwin,Lashford,Yes,17.12.2017,,M,317146
Gwenny,Kerby,No,04.11.2016,,F,158804
Carena,Le Lievre,Yes,10.12.2016,,F,761673
Deeann,Clemetts,No,06.03.2015,,F,203825
Wilhelm,Yurivtsev,Yes,04.07.2019,13.07.2020,M,542463
Dianne,Brownlie,Yes,18.01.2015,29.12.2017,F,350369
Melisa,Ever,Yes,29.05.2016,07.11.2018,F,194228
Saunderson,Zack,No,14.06.2020,09.09.2020,M,169019
